teardown_event_id,core_serial_number,work_order_number,event_ts,station_id,technician_id,teardown_step_code,component_area,disposition_code,failure_mode_code,measurement_value,measurement_unit,requires_replacement_flag,notes,load_datetime
TD-80001,CAT-C0001,WO-90001,2026-07-01 13:10:00,STN-TD-01,TECH-17,DISASSEMBLY,SEAL_GROUP,REUSE,WEAR_MINOR,0.12,MM,N,Seal surfaces within tolerance,2026-07-01 13:15:00
TD-80002,CAT-C0001,WO-90001,2026-07-01 13:45:00,STN-TD-02,TECH-17,CLEAN_AND_INSPECT,HOUSING,REPAIR,SURFACE_SCORING,0.38,MM,N,Light scoring found during inspection,2026-07-01 13:50:00
TD-80003,CAT-C0002,WO-90002,2026-07-01 14:05:00,STN-TD-01,TECH-22,DISASSEMBLY,FILTER_ASSEMBLY,REPLACE,CONTAMINATION,1.00,EA,Y,Contamination beyond service threshold,2026-07-01 14:10:00
TD-80004,CAT-C0003,WO-90003,2026-07-02 11:40:00,STN-TD-03,TECH-08,CRACK_EVAL,MAIN_HOUSING,SCRAP,STRUCTURAL_CRACK,4.70,CM,Y,Crack propagated near mounting face,2026-07-02 11:45:00
TD-80005,CAT-C0003,WO-90003,2026-07-02 12:05:00,STN-TD-03,TECH-08,METROLOGY,SHAFT,REPAIR,OUT_OF_ROUND,0.21,MM,N,Shaft can be machined back to spec,2026-07-02 12:10:00
TD-80006,CAT-C0004,WO-90004,2026-07-02 15:40:00,STN-TD-04,TECH-31,DISASSEMBLY,BEARING_SET,REPLACE,FATIGUE,2.00,EA,Y,Bearing wear indicates full replacement,2026-07-02 15:45:00
TD-80007,CAT-C0004,WO-90004,2026-07-02 16:05:00,STN-TD-04,TECH-31,CLEAN_AND_INSPECT,HYDRAULIC_PASSAGE,REUSE,NO_FAULT,0.00,MM,N,Hydraulic passage clear after cleaning,2026-07-02 16:10:00
TD-80008,CAT-C0005,WO-90005,2026-07-03 09:20:00,STN-TD-05,TECH-11,DAMAGE_ASSESSMENT,CYLINDER_BLOCK,SCRAP,IMPACT_DAMAGE,6.30,CM,Y,Impact damage too severe for reman,2026-07-03 09:25:00
TD-80009,CAT-C0005,WO-90005,2026-07-03 09:50:00,STN-TD-05,TECH-11,CLEAN_AND_INSPECT,FLUID_SYSTEM,SCRAP,HEAVY_CONTAMINATION,92.00,PCT,Y,System contamination exceeds acceptance threshold,2026-07-03 09:55:00
